smiles,base_material,dielectric_constant,tg_celsius,density_g_cm3,thickness_nm,applied_voltage,temp_c,predicted_capacitance,cap_error
c1ccccc1Oc1ccc(cc1)C(C)(C)c2ccc(cc2)OC#N,Polycarbonate,2.941164752297247,149.99651434306313,1.183881788839178,842.9378245812609,414.30642527691646,25,307.47561184419385,107.47561184419385
COOc1ccc(cc1)C(C)(C)c2ccc(cc2)OCC,Polycarbonate,2.9478633122739497,149.98019302321853,1.1861732380624221,2983.8863715646485,410.2255488987923,25,103.76250211475843,96.23749788524157
NOc1ccc(cc1)C(C)(C)c2ccc(cc2)OC,Polycarbonate,2.831295183057559,149.96996729593226,1.1503568723635278,2467.896359328969,369.3366800464235,25,142.8698895794497,57.130110420550295
c1ccccc1Oc1ccc(cc1)C(C)(C)c2ccc(cc2)OC(=O)O,Polycarbonate,2.8193601337370957,149.9422586875164,1.2265736826899936,1003.2832492600662,321.0379533576834,25,247.23590128686232,47.235901286862315
CC(=O)Oc1ccc(cc1)C(C)(C)c2ccc(cc2)OCCC,Polycarbonate,2.884866454941097,149.91622626020563,1.1705611901480502,1382.5754370835919,497.8482184580137,25,201.27289584738617,1.2728958473861667
c1ccccc1Oc1ccc(cc1)C(C)(C)c2ccc(cc2)OCC,Polycarbonate,2.8860524015156552,149.69396927331655,1.2352447478491617,1399.7096685113809,267.326922884225,25,200.00574439909553,0.005744399095533481
CCCC(=O)c1ccc(cc1)C(=O)OCCOC,PET,3.3619059913618043,79.61540870492199,1.4258499553024127,1480.2479540776249,18.726515335138586,25,200.0023812287511,0.0023812287510907026
